<core:FragmentDefinition
    xmlns:core="sap.ui.core"
    xmlns="sap.m"
    xmlns:macros="sap.fe.macros"
    xmlns:richtexteditor="sap.ui.richtexteditor"
>
    <VBox >
        <List
            
            id="ProductList"
            items="{
				path: 'Comments',
				sorter : {                 
					path : 'createdAt',
					descending: true
                }

			}"
            includeItemInSelection="false"
        >
            <CustomListItem>
                <content>
                    <VBox renderType="Bare" class="sapUiSmallMargin">
                        <RatingIndicator
                            maxValue="5"
                            enabled="false"
                            value="{rating}"
                            iconSize="1.5rem"
                            tooltip="Rating"
                        />
                        <core:HTML content="{content}" />
						<HBox renderType="Bare" justifyContent="SpaceBetween">
							<Text text="{createdBy}" />
							<Text text="{createdAt}" />
						</HBox>
                    </VBox>
                </content>
            </CustomListItem>
        </List>
        <richtexteditor:RichTextEditor
            id="rteComment"
            width="100%"
            height="300px"
            value=""
            editable="true"
            showGroupFontStyle="true"
            showGroupInsert="true"
            customToolbar="true"
        >
            <richtexteditor:customButtons>
                <Button 
                    core:require="{ handler: 'project1/ext/fragment/Comments'}"
                    iconFirst="true"
                    iconDensityAware="true"
                    text="Upload picture"
                    icon="sap-icon://attachment-photo"
                    tooltip="Attach the picture from local storage"
                    press="handler.onAddImage"
                />
            </richtexteditor:customButtons>
        </richtexteditor:RichTextEditor>
        <HBox width="100%" renderType="Bare" wrap="WrapReverse" alignItems="Center" justifyContent="SpaceBetween">
            <Button core:require="{ handler: 'project1/ext/fragment/Comments'}"
                text="Save comment"
                press="handler.onSaveComment"
            />

            <RatingIndicator
                id="riPComment"
                maxValue="5"
                enabled="true"
                value=""
                iconSize="2rem"
                tooltip="Rating"
            />
            
        </HBox>
        
    </VBox>
</core:FragmentDefinition>
