{
  "ext/fragment/Quantity-dbg.js": 1747994033412,
  "ext/fragment/OnlyFreshProducts.js": 1748949864544,
  "ext/fragment/ProductsGridTable.controller.js": 1748868417597,
  "ext/fragment/Quantity.js": 1747994033412,
  "ext/controller/RefreshBtn.js": 1747994033412,
  "ext/controller/ProductGridList.controller.js": 1748934173989,
  "ext/controller/OrdersView.controller.js": 1747994033412,
  "ext/controller/AddToActiveOrder.js": 1747994033412,
  "manifest.json": 1750319110269,
  "Component.js": 1747994033412,
  "ext/fragment/ProductsGridTable-dbg.controller.js": 1748868417597,
  "ext/fragment/ProductsGridTable.controller.js.map": 1750319110410,
  "ext/fragment/OnlyFreshProducts-dbg.js": 1748949864544,
  "ext/fragment/OnlyFreshProducts.js.map": 1750319110405,
  "i18n/i18n.properties": 1748949229722,
  "ext/fragment/Quantity.js.map": 1750319110403,
  "ext/controller/RefreshBtn-dbg.js": 1747994033412,
  "ext/controller/RefreshBtn.js.map": 1750319110407,
  "ext/controller/ProductGridList-dbg.controller.js": 1748934173989,
  "ext/controller/ProductGridList.controller.js.map": 1750319110407,
  "ext/controller/OrdersView-dbg.controller.js": 1747994033412,
  "ext/controller/OrdersView.controller.js.map": 1750319110409,
  "ext/controller/AddToActiveOrder-dbg.js": 1747994033412,
  "ext/controller/AddToActiveOrder.js.map": 1750319110420,
  "Component-dbg.js": 1747994033412,
  "Component.js.map": 1750319110409,
  "Component-preload.js": 1750319110491,
  "Component-preload.js.map": 1750319110491,
  "ext/img/placeholder.webp": 1748856713791,
  "ext/fragment/Quantity.fragment.xml": 1747994033412,
  "ext/fragment/ProductsGridTable.fragment.xml": 1748935514543,
  "ext/fragment/OnlyFreshProducts.fragment.xml": 1748950052541,
  "ext/fragment/FBFreshprod.js.txt": 1748940941490,
  "ext/fragment/FBFreshprod.fragment.xml.txt": 1748948924825,
  "index.html": 1748857295579
}