{
  "ext/controller/AddToActiveOrder-dbg.js": 1747994033412,
  "Component.js": 1747994033412,
  "ext/fragment/ProductsGridTable.controller.js": 1748868417597,
  "ext/fragment/OnlyFreshProducts.js": 1748949864544,
  "ext/fragment/Comments.js": 1751266594845,
  "ext/controller/RefreshBtn.js": 1747994033412,
  "ext/controller/ProductGridList.controller.js": 1748934173989,
  "ext/controller/OrdersView.controller.js": 1747994033412,
  "ext/controller/AddToActiveOrder.js": 1747994033412,
  "manifest.json": 1751268017482,
  "ext/fragment/Quantity.js": 1747994033412,
  "i18n/i18n.properties": 1748949229722,
  "ext/controller/AddToActiveOrder.js.map": 1751268017645,
  "ext/fragment/ProductsGridTable-dbg.controller.js": 1748868417597,
  "ext/fragment/ProductsGridTable.controller.js.map": 1751268017631,
  "ext/fragment/OnlyFreshProducts-dbg.js": 1748949864544,
  "ext/fragment/OnlyFreshProducts.js.map": 1751268017634,
  "ext/fragment/Comments-dbg.js": 1751266594845,
  "ext/fragment/Comments.js.map": 1751268017641,
  "ext/controller/RefreshBtn-dbg.js": 1747994033412,
  "ext/controller/RefreshBtn.js.map": 1751268017634,
  "ext/controller/ProductGridList-dbg.controller.js": 1748934173989,
  "ext/controller/ProductGridList.controller.js.map": 1751268017637,
  "ext/controller/OrdersView-dbg.controller.js": 1747994033412,
  "ext/controller/OrdersView.controller.js.map": 1751268017637,
  "Component-dbg.js": 1747994033412,
  "Component.js.map": 1751268017638,
  "ext/fragment/Quantity-dbg.js": 1747994033412,
  "ext/fragment/Quantity.js.map": 1751268017638,
  "Component-preload.js": 1751268017857,
  "Component-preload.js.map": 1751268017857,
  "ext/fragment/Quantity.fragment.xml": 1747994033412,
  "ext/fragment/ProductsGridTable.fragment.xml": 1750680243987,
  "ext/fragment/OnlyFreshProducts.fragment.xml": 1748950052541,
  "ext/fragment/ImageUploaderDialog.fragment.xml": 1750919696081,
  "ext/fragment/FBFreshprod.js.txt": 1748940941490,
  "ext/fragment/FBFreshprod.fragment.xml.txt": 1748948924825,
  "ext/fragment/Comments.fragment.xml": 1751013605516,
  "ext/img/placeholder.webp": 1748856713791,
  "index.html": 1748857295579
}