{
  "manifest.json": 1747658528890,
  "ext/controller/RefreshBtn.js": 1747119907557,
  "ext/fragment/Quantity.js": 1747119907557,
  "ext/controller/OrdersView.controller.js": 1747383545835,
  "ext/controller/AddToActiveOrder.js": 1747119907557,
  "i18n/i18n.properties": 1747119907557,
  "Component.js": 1747119907557,
  "ext/controller/RefreshBtn-dbg.js": 1747119907557,
  "ext/controller/RefreshBtn.js.map": 1747658529017,
  "ext/fragment/Quantity-dbg.js": 1747119907557,
  "ext/fragment/Quantity.js.map": 1747658529016,
  "ext/controller/OrdersView-dbg.controller.js": 1747383545835,
  "ext/controller/OrdersView.controller.js.map": 1747658529018,
  "ext/controller/AddToActiveOrder-dbg.js": 1747119907557,
  "ext/controller/AddToActiveOrder.js.map": 1747658529028,
  "Component-dbg.js": 1747119907557,
  "Component.js.map": 1747658529017,
  "Component-preload.js": 1747658529092,
  "Component-preload.js.map": 1747658529092,
  "ext/fragment/Quantity.fragment.xml": 1747119907557,
  "index.html": 1747119907557
}