{
  "ext/controller/RefreshBtn.js.map": 1747585990358,
  "ext/controller/RefreshBtn.js": 1747119907557,
  "ext/fragment/Quantity.js": 1747119907557,
  "ext/controller/OrdersView.controller.js": 1747383545835,
  "ext/controller/AddToActiveOrder.js": 1747119907557,
  "manifest.json": 1747585990171,
  "Component.js": 1747119907557,
  "ext/controller/OrdersView-dbg.controller.js": 1747383545835,
  "ext/controller/OrdersView.controller.js.map": 1747585990358,
  "ext/fragment/Quantity-dbg.js": 1747119907557,
  "ext/fragment/Quantity.js.map": 1747585990358,
  "ext/controller/RefreshBtn-dbg.js": 1747119907557,
  "i18n/i18n.properties": 1747119907557,
  "ext/controller/AddToActiveOrder-dbg.js": 1747119907557,
  "ext/controller/AddToActiveOrder.js.map": 1747585990370,
  "Component-dbg.js": 1747119907557,
  "Component.js.map": 1747585990359,
  "Component-preload.js": 1747585990570,
  "Component-preload.js.map": 1747585990570,
  "ext/fragment/Quantity.fragment.xml": 1747119907557,
  "index.html": 1747119907557
}