{
  "ext/controller/OrdersView.controller.js": 1747994033412,
  "ext/fragment/Quantity.js": 1747994033412,
  "ext/controller/RefreshBtn.js": 1747994033412,
  "i18n/i18n.properties": 1747994033412,
  "ext/controller/AddToActiveOrder.js": 1747994033412,
  "manifest.json": 1747994206315,
  "Component.js": 1747994033412,
  "ext/controller/AddToActiveOrder-dbg.js": 1747994033412,
  "ext/controller/AddToActiveOrder.js.map": 1747994206481,
  "ext/controller/RefreshBtn-dbg.js": 1747994033412,
  "ext/controller/RefreshBtn.js.map": 1747994206468,
  "ext/controller/OrdersView-dbg.controller.js": 1747994033412,
  "ext/controller/OrdersView.controller.js.map": 1747994206469,
  "ext/fragment/Quantity-dbg.js": 1747994033412,
  "ext/fragment/Quantity.js.map": 1747994206470,
  "Component-dbg.js": 1747994033412,
  "Component.js.map": 1747994206470,
  "Component-preload.js": 1747994206546,
  "Component-preload.js.map": 1747994206546,
  "ext/fragment/Quantity.fragment.xml": 1747994033412,
  "index.html": 1747994033412
}